{
  "mean": [
    38.782776349614394,
    62.20565552699229,
    140.14910025706942,
    92.86889460154242,
    117.1452442159383,
    62.20565552699229,
    97.02185089974293,
    52.98843187660668,
    14.746786632390746,
    0.8429318108958282,
    30.663239074550127,
    54.93958868894602,
    44.727137558437164,
    0.3196673207679589,
    0.9781491002570694,
    0.5540396621373486,
    NaN
  ],
  "scale": [
    12.089761182663475,
    7.343490823523148,
    12.545787828972264,
    10.726838937230864,
    10.805750837467903,
    7.343490823523148,
    1.4217501320286046,
    14.207826506712594,
    4.776914946855043,
    0.11121276602092885,
    12.566827463222419,
    12.794407552220393,
    13.693204515919835,
    0.1833836798852914,
    1.4217501320286048,
    0.17271087403804963,
    NaN
  ],
  "feature_columns": [
    "age",
    "baseline_hr",
    "max_safe_hr",
    "avg_heart_rate",
    "peak_heart_rate",
    "min_heart_rate",
    "avg_spo2",
    "duration_minutes",
    "recovery_time_minutes",
    "hr_pct_of_max",
    "hr_elevation",
    "hr_range",
    "duration_intensity",
    "recovery_efficiency",
    "spo2_deviation",
    "age_risk_factor",
    "activity_intensity"
  ]
}